nfl_id,display_name,position_group,nfl_position,draft_year,draft_overall_pick,draft_capital,seasons_exposed,exp_snaps,vod_snaps,vod_z_snaps,starts_ps,start_rate
55867,Will Anderson,DL,DE,2023,3.0,3.0,3,438.24411562023937,189.75588437976063,1.3129764306670726,14.666666666666666,0.8627450980392157
55870,Paris Johnson,OL,T,2023,6.0,6.0,3,876.4282958479286,57.57170415207145,0.25864276317233487,14.333333333333334,0.9148936170212766
55874,Darnell Wright,OL,T,2023,10.0,10.0,3,866.0034680183425,207.99653198165754,0.9344312202379578,16.333333333333332,0.9607843137254902
55875,Peter Skoronski,OL,G,2023,11.0,11.0,3,862.4058791587541,141.26078750791248,0.6346187063082089,16.0,0.9411764705882353
55877,Lukas Van Ness,DL,DE,2023,13.0,13.0,3,485.3397064595079,-133.3397064595079,-0.9226164048911734,0.6666666666666666,0.0392156862745098
55878,Broderick Jones,OL,T,2023,14.0,14.0,3,879.036194262721,-56.369527596054354,-0.25324194569005304,12.666666666666666,0.8444444444444444
55879,Will McDonald,LB,OLB,2023,15.0,15.0,3,,,,9.666666666666666,0.5918367346938775
55884,Jaxon Smith-Njigba,WR,WR,2023,20.0,20.0,3,610.6697038601216,204.33029613987844,1.034576816817324,12.0,0.7058823529411765
55885,Quentin Johnston,WR,WR,2023,21.0,21.0,3,608.3998971946854,99.93343613864795,0.5059886771913784,10.333333333333334,0.6078431372549019
55887,Jordan Addison,WR,WR,2023,23.0,23.0,3,609.2238313536208,208.77616864637923,1.0570874122240985,13.666666666666666,0.8541666666666666
55888,Deonte Banks,CB,CB,2023,24.0,24.0,3,498.2447913330569,198.75520866694308,0.8196275610108813,11.666666666666666,0.6862745098039216
55891,Anton Harrison,OL,T,2023,27.0,27.0,3,822.7535997611235,185.91306690554313,0.8352205313790892,16.0,0.9411764705882353
55900,Michael Mayer,TE,TE,2023,35.0,35.0,3,459.9856842971128,48.680982369553874,0.2806961489906279,10.666666666666666,0.6956521739130435
55901,Steve Avila,OL,G,2023,36.0,36.0,3,792.2782828039603,67.05505052937303,0.3012470068241598,13.333333333333334,0.9090909090909091
55903,Matthew Bergeron,OL,G,2023,38.0,38.0,3,783.8914889429744,264.10851105702557,1.1865161207784474,16.333333333333332,0.9607843137254902
55904,Jonathan Mingo,WR,WR,2023,39.0,39.0,3,576.6659326978566,-93.66593269785665,-0.4742546960752027,6.666666666666667,0.45454545454545453
55905,Isaiah Foskey,DL,DE,2023,40.0,40.0,3,440.01028934650253,-379.6769560131692,-2.627095840227239,0.0,0.0
55909,Julius Brents,CB,CB,2023,44.0,44.0,3,552.2729896468175,-327.27298964681745,-1.3496097238812859,3.6666666666666665,0.36666666666666664
55910,Brian Branch,S,SS,2023,45.0,45.0,3,624.4360761528255,174.89725718050784,0.8644525058706052,12.333333333333334,0.8043478260869565
55911,Keion White,DL,DE,2023,46.0,46.0,3,394.05265595721977,202.94734404278023,1.4042519960085789,6.666666666666667,0.39215686274509803
55912,Quan Martin,S,FS,2023,47.0,47.0,3,636.9518796204044,107.71478704626224,0.5323943844662964,12.333333333333334,0.7254901960784313
55913,Cody Mauch,OL,G,2023,48.0,48.0,3,746.0816435174139,44.25168981591946,0.19880216327802885,12.0,1.0
55914,Keeanu Benton,DL,DT,2023,49.0,49.0,3,384.04400319871894,239.28933013461443,1.6557128207317475,13.333333333333334,0.7843137254901961
55915,Jayden Reed,WR,WR,2023,50.0,50.0,3,545.2851089059246,-68.61844223925794,-0.34743281289161604,8.666666666666666,0.6341463414634146
55916,Cam Smith,CB,CB,2023,51.0,51.0,3,544.6546764101073,-493.6546764101073,-2.035735219828366,0.0,0.0
55918,Gervon Dexter,DL,DT,2023,53.0,53.0,3,381.5138455646162,189.4861544353838,1.3111100903384474,11.0,0.6470588235294118
55919,Tuli Tuipulotu,LB,OLB,2023,54.0,54.0,3,,,,12.0,0.7058823529411765
55920,Rashee Rice,WR,WR,2023,55.0,55.0,3,529.3983624935322,-132.73169582686552,-0.6720546974850848,6.666666666666667,0.6666666666666666
55921,Tyrique Stevenson,CB,CB,2023,56.0,56.0,3,463.57940356212146,279.0872631045452,1.150901223176979,13.333333333333334,0.7843137254901961
55922,John Michael Schmitz,OL,C,2023,57.0,57.0,3,685.036694103128,156.96330589687204,0.7051627835541623,13.666666666666666,0.8367346938775511
55924,O'Cyrus Torrence,OL,G,2023,59.0,59.0,3,667.8981046779024,433.10189532209756,1.9457244247172796,16.666666666666668,0.9803921568627451
55927,Juice Scruggs,OL,G,2023,62.0,62.0,3,675.993038338155,-121.99303833815497,-0.548057713216636,6.666666666666667,0.4878048780487805
55928,Marvin Mims,WR,WR,2023,63.0,63.0,3,506.9564992648026,-153.95649926480257,-0.7795213335798226,4.333333333333333,0.2549019607843137
55929,Zacch Pickens,DL,DT,2023,64.0,64.0,3,368.7710132654141,-185.10434659874747,-1.2807910810912726,1.0,0.07894736842105263
55930,Tyler Steen,OL,G,2023,65.0,65.0,3,658.3252581605799,-193.6585914939132,-0.8700175538271944,6.666666666666667,0.39215686274509803
55931,Sydney Brown,S,SS,2023,66.0,66.0,3,651.4013995183764,-430.73473285170974,-2.128962598852375,3.0,0.1956521739130435
55934,Tank Dell,WR,WR,2023,69.0,69.0,3,489.19867859214685,-113.53201192548016,-0.5748417622040823,6.0,0.6666666666666666
55938,Jalin Hyatt,WR,WR,2023,73.0,73.0,3,479.24945159837824,-121.91611826504493,-0.6172926479146716,3.3333333333333335,0.19607843137254902
55939,Cedric Tillman,WR,WR,2023,74.0,74.0,3,473.2052077803909,45.46145888627575,0.23018305317894297,6.333333333333333,0.41304347826086957
55942,Byron Young,LB,OLB,2023,77.0,77.0,3,,,,16.333333333333332,0.9607843137254902
55943,Tucker Kraft,TE,TE,2023,78.0,78.0,3,470.2679694649991,190.7320305350009,1.0997671750728935,11.0,0.7857142857142857
55947,YaYa Diaby,LB,OLB,2023,82.0,82.0,3,,,,13.666666666666666,0.803921568627451
55948,Riley Moss,CB,CB,2023,83.0,83.0,3,422.6565843904892,226.34341560951083,0.9333959242183664,10.333333333333334,0.6078431372549019
55958,Darnell Washington,TE,TE,2023,93.0,93.0,3,479.48232763828383,65.85100569504954,0.3796990694526468,9.666666666666666,0.58
55959,Michael Wilson,WR,WR,2023,94.0,94.0,3,387.6118045638849,430.3881954361151,2.1791660739591445,12.666666666666666,0.7450980392156863
55960,Jordan Battle,S,SS,2023,95.0,95.0,3,482.9696092088581,195.03039079114188,0.9639631447525967,10.0,0.5882352941176471
55962,Ricky Stromberg,OL,C,2023,97.0,97.0,3,486.98580595711775,-478.31913929045106,-2.148864371593279,0.0,0.0
55963,Siaki Ika,DL,DT,2023,98.0,98.0,3,294.99752989200067,-261.99752989200067,-1.8128374925793838,0.0,0.0
55965,Tre Tucker,WR,WR,2023,100.0,100.0,3,355.7102487115381,397.6230846217953,2.0132678949356073,10.666666666666666,0.6274509803921569
55968,Nick Saldiveri,OL,G,2023,103.0,103.0,3,440.607384088977,-319.94071742231034,-1.4373441332719024,2.0,0.25
55970,Kelee Ringo,CB,CB,2023,105.0,105.0,3,373.4882117007124,-166.48821170071238,-0.6865647839296797,2.6666666666666665,0.1568627450980392
55971,Blake Freeland,OL,T,2023,106.0,106.0,3,417.10119885145883,-175.43453218479218,-0.788145371557287,3.0,0.2647058823529412
55973,Anthony Bradford,OL,G,2023,108.0,108.0,3,390.76418764776025,367.23581235223975,1.6498188935267575,12.666666666666666,0.8444444444444444
55974,Dylan Horton,DL,DE,2023,109.0,109.0,3,258.0109548068118,-47.67762147347847,-0.3298953993946362,0.0,0.0
55975,Adetomiwa Adebawore,DL,DT,2023,110.0,110.0,3,257.73576871187305,14.26423128812695,0.09869838579241497,2.3333333333333335,0.13725490196078433
55976,Dawand Jones,OL,T,2023,111.0,111.0,3,377.79991262178913,77.53342071154418,0.34832142745101274,6.666666666666667,0.7692307692307693
55978,Clark Phillips,CB,CB,2023,113.0,113.0,3,338.4778370684161,-64.8111704017494,-0.2672685756460457,2.3333333333333335,0.1794871794871795
55982,Sidy Sow,OL,G,2023,117.0,117.0,3,368.1036145923885,-56.10361459238851,-0.2520473228272328,5.0,0.4166666666666667
55983,Braeden Daniels,OL,G,2023,118.0,118.0,3,372.206683437736,-372.206683437736,-1.6721506943977231,0.0,0.0
55984,Chamarri Conner,S,SS,2023,119.0,119.0,3,387.8544369240173,244.47889640931606,1.2083688334539937,11.0,0.6470588235294118
55987,Jon Gaines,OL,C,2023,122.0,122.0,3,359.11395576227807,-238.78062242894475,-1.072729753038067,1.6666666666666667,0.14705882352941177
55988,Cameron Young,DL,NT,2023,123.0,123.0,3,243.62553643127075,-176.29220309793743,-1.2198172843732527,0.3333333333333333,0.05
55989,Tavius Robinson,LB,OLB,2023,124.0,124.0,3,,,,5.0,0.3409090909090909
55990,Derius Davis,WR,WR,2023,125.0,125.0,3,346.5416911090461,-219.5416911090461,-1.1115960199597654,1.3333333333333333,0.0784313725490196
55991,Isaiah McGuire,DL,DE,2023,126.0,126.0,3,229.30514085696407,100.36152580970261,0.6944307332794337,4.0,0.23529411764705882
55995,Tyler Lacy,DL,DE,2023,130.0,130.0,3,220.84747897510084,19.819187691565816,0.13713475289079566,4.0,0.23529411764705882
55998,Tyler Scott,WR,WR,2023,133.0,133.0,3,334.00384415704616,-181.67051082371282,-0.919844498580414,1.3333333333333333,0.11764705882352941
55999,Jay Ward,S,SS,2023,134.0,134.0,3,352.4057989124196,-248.7391322457529,-1.2294256047480492,1.6666666666666667,0.09803921568627451
56001,Yasir Abdullah,LB,OLB,2023,136.0,136.0,3,,,,1.0,0.058823529411764705
56003,Darius Rush,CB,CB,2023,138.0,138.0,3,274.55809524770706,-261.55809524770706,-1.0786143674341129,0.0,0.0
56007,Cameron Mitchell,CB,CB,2023,142.0,142.0,3,253.83868128534738,49.16131871465262,0.20273165178624578,1.6666666666666667,0.11627906976744186
56010,Jammie Robinson,S,SS,2023,145.0,145.0,3,302.0179313292914,-277.0179313292914,-1.3691972576879599,0.6666666666666666,0.04878048780487805
56012,Josh Whyle,TE,TE,2023,147.0,147.0,3,388.5007170849077,-162.83405041824105,-0.9389065021319716,2.6666666666666665,0.1951219512195122
56015,Justin Shorter,WR,WR,2023,150.0,150.0,3,314.1983856190858,-304.1983856190858,-1.540234627073202,0.0,0.0
56020,Darrell Luter,CB,CB,2023,155.0,155.0,3,241.7132958273896,-129.04662916072294,-0.5321630292110714,1.0,0.08823529411764706
56021,Jordan McFadden,OL,G,2023,156.0,156.0,3,222.54056687607456,-167.20723354274122,-0.7511839634217335,0.6666666666666666,0.04878048780487805
56023,Daniel Scott,S,SS,2023,158.0,158.0,3,236.11800420683846,-231.78467087350512,-1.1456259680058933,0.0,0.0
56025,Antonio Johnson,S,SS,2023,160.0,160.0,3,202.48862712532156,302.51137287467844,1.4952019176948963,6.666666666666667,0.39215686274509803
56026,Nick Hampton,LB,OLB,2023,161.0,161.0,3,,,,0.0,0.0
56027,Will Mallory,TE,TE,2023,162.0,162.0,3,340.5782802239288,-251.2449468905955,-1.4486866454373748,0.6666666666666666,0.0392156862745098
56034,Asim Richards,OL,T,2023,169.0,169.0,3,165.16646509150777,29.16686824182557,0.13103310916805225,1.6666666666666667,0.10638297872340426
56035,Christopher Smith,S,FS,2023,170.0,170.0,3,185.33943839111322,-173.33943839111322,-0.8567527833140952,0.0,0.0
56036,Payne Durham,TE,TE,2023,171.0,171.0,3,278.3029481657656,25.363718500901086,0.1462480369282351,6.0,0.35294117647058826
56038,Robert Beal,DL,DE,2023,173.0,173.0,3,173.5024587521249,-76.50245875212491,-0.5293428741772052,0.0,0.0
56040,Davis Allen,TE,TE,2023,175.0,175.0,3,253.52409093199148,108.1425757346752,0.6235536563377868,3.6666666666666665,0.21568627450980393
56042,Puka Nacua,WR,WR,2023,177.0,177.0,3,267.16869758404374,469.83130241595626,2.3788766642900763,14.333333333333334,0.9347826086956522
56045,Kei'Trel Clark,CB,CB,2023,180.0,180.0,3,166.66895549699237,87.33104450300763,0.3601361266787162,3.0,0.18
56052,Kayshon Boutte,WR,WR,2023,187.0,187.0,3,270.2889406182954,224.3777260483713,1.1360821080635057,7.666666666666667,0.45098039215686275
56055,Luke Wypler,OL,C,2023,190.0,190.0,3,141.4723352378791,-32.139001904545765,-0.14438551681978587,2.0,0.17647058823529413
56056,Trey Palmer,WR,WR,2023,191.0,191.0,3,279.33887969008794,61.32778697657875,0.3105183510782217,3.6666666666666665,0.2894736842105263
56059,Keondre Coburn,DL,NT,2023,194.0,194.0,3,149.58704057735793,-72.2537072440246,-0.49994452056023614,0.3333333333333333,0.03333333333333333
56060,A.T. Perry,WR,WR,2023,195.0,195.0,3,290.92644755515937,-176.59311422182606,-0.8941363343319607,1.0,0.14285714285714285
56061,Jose Ramirez,LB,OLB,2023,196.0,196.0,3,,,,0.0,0.0
56062,Elijah Higgins,TE,TE,2023,197.0,197.0,3,164.50872689623867,194.49127310376133,1.1214430916384688,6.0,0.35294117647058826
56066,Jarrett Patterson,OL,C,2023,201.0,201.0,3,97.42466061361417,350.90867271971916,1.5764686849225238,7.0,0.5121951219512195
56070,Xavier Hutchinson,WR,WR,2023,205.0,205.0,3,266.96287049899666,214.70379616767002,1.087100514187488,3.0,0.17647058823529413
56071,Andrei Iosivas,WR,WR,2023,206.0,206.0,3,248.3714714127991,420.2951952538675,2.128062619415438,6.0,0.35294117647058826
56075,Demario Douglas,WR,WR,2023,210.0,210.0,3,269.93430251211805,212.73236415454863,1.0771186471064038,4.666666666666667,0.27450980392156865
56078,Dante Stills,DL,DE,2023,213.0,213.0,3,101.28606409627312,436.7139359037269,3.021751376299361,7.0,0.42
56084,Antoine Green,WR,WR,2023,219.0,219.0,3,284.50893207495756,-249.1755987416242,-1.2616401123315757,0.0,0.0
56085,Zack Kuntz,TE,TE,2023,220.0,220.0,3,145.7455676973532,-144.7455676973532,-0.8346077145213866,0.0,0.0
56086,Jaylon Jones,CB,CB,2023,221.0,221.0,3,50.46119092680719,662.5388090731929,2.732180312646229,9.666666666666666,0.6590909090909091
56089,DeMarcco Hellams,S,SS,2023,224.0,224.0,3,36.79549241758621,90.53784091574713,0.44749508778719976,1.3333333333333333,0.13793103448275862
56090,Jovaughn Gwyn,OL,C,2023,225.0,225.0,3,142.98568312907156,-139.3190164624049,-0.6258952364013338,0.0,0.0
56095,Nick Broeker,OL,G,2023,230.0,230.0,3,134.33028271702517,-131.33028271702517,-0.5900055888637987,0.0,0.0
56096,Nesta Jade Silvera,DL,DT,2023,231.0,231.0,3,133.23417391304815,-101.90084057971482,-0.7050817021229555,0.0,0.0
56099,Jason Taylor,S,FS,2023,234.0,234.0,3,35.78425211144589,-22.784252111445888,-0.11261413786380475,0.0,0.0
56103,Ryan Hayes,OL,T,2023,238.0,238.0,3,127.44137412282106,-127.44137412282106,-0.5725345398590178,0.0,0.0
56107,Anthony Johnson,S,FS,2023,242.0,242.0,3,37.209150593054225,70.45751607361245,0.3482454631314869,1.3333333333333333,0.11764705882352941
56109,Jalen Brooks,WR,WR,2023,244.0,244.0,3,250.6103964113631,-64.6103964113631,-0.3271390465113102,0.3333333333333333,0.025
56112,Brayden Willis,TE,TE,2023,247.0,247.0,3,120.98356238683012,-92.31689572016344,-0.5323022637198422,0.0,0.0
56113,Brandon Hill,S,SS,2023,248.0,248.0,3,54.659706850861696,-54.32637351752836,-0.2685151870256077,0.0,0.0
56117,Alex Austin,CB,CB,2023,252.0,252.0,3,130.53419438003,67.46580561997001,0.2782157714648471,2.0,0.17142857142857143
56118,Ronnie Bell,WR,WR,2023,253.0,253.0,3,261.6309245763629,-150.29759124302956,-0.7609953416652319,0.0,0.0
56119,Gervarrius Owens,S,FS,2023,254.0,254.0,3,58.26054634291598,-57.927213009582644,-0.28631280588095404,0.0,0.0
56121,Grant DuBose,WR,WR,2023,256.0,256.0,3,254.69423676045315,-238.0275700937865,-1.2051947774490146,0.0,0.0
56250,Trey Dean,S,SS,2023,,300.0,3,0.19575256563134266,-0.19575256563134266,-0.0009675325880952327,0.0,
56361,Jaray Jenkins,WR,WR,2023,,300.0,3,116.42201401574746,-116.42201401574746,-0.5894745857237885,0.0,
56232,Bryce Ford-Wheaton,WR,WR,2023,,300.0,3,116.81278679523038,-116.14612012856371,-0.5880776640485685,0.0,0.0
56248,Jason Brownlee,WR,WR,2023,,300.0,3,110.74177374863075,0.9248929180359227,0.004682970607469018,1.6666666666666667,0.2
56450,T.J. Bass,OL,G,2023,,300.0,3,9.798863582981172,326.5344697503521,1.466966781184043,3.3333333333333335,0.2
56344,Connor Galvin,OL,T,2023,,300.0,3,30.899197227456604,-30.899197227456604,-0.13881565377336105,0.0,0.0
56461,Tyrus Wheat,DL,DE,2023,,300.0,3,73.54195370502936,13.791379628303972,0.09542658694107144,0.0,0.0
56238,Jadon Haselwood,WR,WR,2023,,300.0,3,122.27003952657374,-122.27003952657374,-0.6190846422448016,0.0,
56347,Brandon Joseph,S,SS,2023,,300.0,3,-13.008378350241106,73.67504501690777,0.36414851960350586,0.3333333333333333,0.0625
56456,Isaiah Land,DL,DE,2023,,300.0,3,67.04894115107717,-29.715607817743837,-0.2056109765194997,0.0,0.0
56563,Jacob Copeland,WR,WR,2023,,300.0,3,106.39151351779626,-106.39151351779626,-0.5386875831485516,0.0,
56510,Thomas Incoom,LB,OLB,2023,,300.0,3,,,,0.0,0.0
56518,Alan Ali,OL,C,2023,,300.0,3,25.266781269192936,-25.266781269192936,-0.1135118409327114,0.0,
56625,Mark Evans,OL,T,2023,,300.0,3,33.96287189919385,-33.96287189919385,-0.1525793124009771,0.0,
56474,Arquon Bush,CB,CB,2023,,300.0,3,50.574359716103935,-50.574359716103935,-0.20855875617961375,0.0,
56629,Anthony Johnson,CB,CB,2023,,300.0,3,38.08346765822777,-38.08346765822777,-0.15704876325458308,0.0,
56648,Ikenna Enechukwu,LB,OLB,2023,,300.0,3,,,,0.0,
56451,Earl Bostick,OL,T,2023,,300.0,3,27.62271400886741,-27.62271400886741,-0.12409594579137659,0.0,
56363,Leonard Taylor,TE,TE,2023,,300.0,3,61.95893605026648,-61.95893605026648,-0.3572572675884102,0.0,
56567,Tyreque Jones,S,FS,2023,,300.0,3,-2.568084463410173,2.568084463410173,0.012693092421632947,0.0,
56198,Dontay Demus,WR,WR,2023,,300.0,3,117.48222544404511,-117.48222544404511,-0.5948427087352222,0.0,
56239,Joseph Ngata,WR,WR,2023,,300.0,3,115.57829556838038,-115.57829556838038,-0.585202622328945,0.0,
56581,Jerrod Clark,DL,DT,2023,,300.0,3,74.15677350790811,-74.15677350790811,-0.5131123923163291,0.0,
56228,Habakkuk Baldonado,DL,DE,2023,,300.0,3,71.3486094526333,-71.3486094526333,-0.49368188437675264,0.0,
56559,Mitch Tinsley,WR,WR,2023,,300.0,3,116.68886066408817,-20.022193997421496,-0.10137751534099834,1.3333333333333333,0.11764705882352941
56220,Malik Heath,WR,WR,2023,,300.0,3,111.23627667069559,100.43038999597107,0.5085048823235947,0.6666666666666666,0.04
56497,Jalen Redmond,DL,DE,2023,,300.0,3,53.16980291855366,280.16353041477964,1.9385333602140347,5.666666666666667,0.5
56471,Jake Bobo,WR,WR,2023,,300.0,3,101.27362233246579,145.05971100086754,0.734474607490322,1.0,0.058823529411764705
56203,Tashawn Manning,OL,G,2023,,300.0,3,23.80067918208482,-23.80067918208482,-0.10692532937313085,0.0,
56543,Kaevon Merriweather,S,SS,2023,,300.0,3,-9.267669231076146,156.9343358977428,0.7756684244849467,2.3333333333333335,0.14893617021276595
56218,Brenton Cox,DL,DE,2023,,300.0,3,65.34891647698637,15.651083523013625,0.10829442178980181,0.3333333333333333,0.02631578947368421
56207,Travis Vokolek,TE,TE,2023,,300.0,3,63.570700325184205,-35.570700325184205,-0.20510183057487844,0.3333333333333333,0.038461538461538464
56645,Dalton Wagner,OL,T,2023,,300.0,3,33.04789950729401,-32.38123284062735,-0.14547374721971418,0.0,0.0
56408,Lonnie Phelps,DL,DE,2023,,300.0,3,65.70142437348633,-65.70142437348633,-0.45460736011222036,0.0,
56365,D.J. Dale,DL,DT,2023,,300.0,3,69.11616688116676,-69.11616688116676,-0.4782349616700648,0.0,
56571,Caleb Murphy,LB,OLB,2023,,300.0,3,,,,0.0,0.0
56541,Rakim Jarrett,WR,WR,2023,,300.0,3,112.2101338063939,-3.8768004730605696,-0.01962923740936191,0.6666666666666666,0.09523809523809523
56514,P.J. Mustipher,DL,NT,2023,,300.0,3,62.19163263797938,51.80836736202062,0.3584772376362187,0.0,0.0
56183,Emil Ekiyor,OL,G,2023,,300.0,3,36.06288596345988,-36.06288596345988,-0.1620136942432764,0.0,
56572,John Ojukwu,OL,T,2023,,300.0,3,28.154737746591998,114.17859558674135,0.5129510736678234,3.0,0.391304347826087
56636,McClendon Curtis,OL,G,2023,,300.0,3,35.65707928054585,-35.65707928054585,-0.1601905944527015,0.0,0.0
56662,Rashad Torrence,S,FS,2023,,300.0,3,4.294180939763399,-4.294180939763399,-0.021224549394785897,0.0,
56371,Jalen Wayne,WR,WR,2023,,300.0,3,112.71682140576422,-112.71682140576422,-0.5707142430406489,0.0,
56400,Blake Whiteheart,TE,TE,2023,,300.0,3,43.64507573743663,107.68825759589672,0.6209340429741199,2.0,0.15789473684210525
57126,Joe Alt,OL,T,2024,5.0,5.0,2,896.7955298011836,-235.79552980118365,-1.0593191268122022,11.0,0.8461538461538461
57128,J.C. Latham,OL,T,2024,7.0,7.0,2,875.6891357787612,66.31086422123883,0.29790372550418304,15.0,0.8823529411764706
57130,Rome Odunze,WR,WR,2024,9.0,9.0,2,506.2141843245543,335.7858156754457,1.700169905671228,12.0,0.7058823529411765
57135,Taliese Fuaga,OL,T,2024,14.0,14.0,2,857.7903244956018,84.2096755043982,0.37831472038368646,15.0,0.8823529411764706
57136,Laiatu Latu,DL,DE,2024,15.0,15.0,2,416.00803807719365,270.99196192280635,1.8750725969203401,8.5,0.5
57137,Byron Murphy,DL,DT,2024,16.0,16.0,2,426.4597039178341,193.54029608216592,1.3391618814394692,13.0,0.7647058823529411
57140,Jared Verse,LB,OLB,2024,19.0,19.0,2,,,,16.5,0.9705882352941176
57141,Troy Fautanu,OL,T,2024,20.0,20.0,2,876.6223988936933,-333.62239889369334,-1.4988095345957038,9.0,0.9473684210526315
57142,Chop Robinson,LB,OLB,2024,21.0,21.0,2,,,,2.0,0.11764705882352941
57143,Quinyon Mitchell,CB,CB,2024,22.0,22.0,2,566.5027197671159,403.4972802328841,1.6639437722912254,16.0,0.9411764705882353
57144,Brian Thomas,WR,WR,2024,23.0,23.0,2,505.20521264440987,275.29478735559013,1.3938882787786573,15.0,0.8823529411764706
57145,Terrion Arnold,CB,CB,2024,24.0,24.0,2,600.7833811533094,28.716618846690608,0.11842171293851876,11.0,0.7586206896551724
57148,Darius Robinson,DL,DT,2024,27.0,27.0,2,423.5615667468971,-78.56156674689709,-0.5435904442811358,6.0,0.46153846153846156
57150,Tyler Guyton,OL,T,2024,29.0,29.0,2,831.827584123351,-172.82758412335102,-0.7764335721588035,10.5,0.65625
57152,Ricky Pearsall,WR,WR,2024,31.0,31.0,2,522.722942392035,-55.22294239203495,-0.2796079535661557,6.5,0.4642857142857143
57153,Xavier Legette,WR,WR,2024,32.0,32.0,2,506.5904935048876,153.9095064951124,0.7792833971063873,12.5,0.7352941176470589
57154,Keon Coleman,WR,WR,2024,33.0,33.0,2,502.97941693417005,83.52058306582995,0.42288618280972184,9.0,0.5294117647058824
57155,Ladd McConkey,WR,WR,2024,34.0,34.0,2,495.10168847965645,290.89831152034355,1.4728929328435236,13.0,0.7647058823529411
57156,Ruke Orhorhoro,DL,DT,2024,35.0,35.0,2,410.0284810171208,-37.02848101712078,-0.25621088377730566,4.0,0.27586206896551724
57158,Ja'Lynn Polk,WR,WR,2024,37.0,37.0,2,502.66071357113594,-284.66071357113594,-1.4413103709190807,3.5,0.4375
57159,T'Vondre Sweat,DL,NT,2024,38.0,38.0,2,389.3793984008507,150.12060159914932,1.0387283235063034,14.0,0.9333333333333333
57160,Braden Fiske,DL,DE,2024,39.0,39.0,2,388.5786480387012,212.9213519612988,1.473265072251807,12.0,0.7058823529411765
57163,Kamari Lassiter,CB,CB,2024,42.0,42.0,2,564.3720361417568,314.1279638582432,1.2954022115409758,15.0,0.8823529411764706
57164,Max Melton,CB,CB,2024,43.0,43.0,2,585.7459041747862,-91.74590417478623,-0.3783421434631559,5.5,0.3235294117647059
57165,Jackson Powers-Johnson,OL,G,2024,44.0,44.0,2,760.9357616114944,-105.9357616114944,-0.4759198725399693,10.5,0.8076923076923077
57168,Tyler Nubin,S,SS,2024,47.0,47.0,2,663.2154808413616,136.28451915863843,0.6736040118483086,12.0,0.8571428571428571
57169,Maason Smith,DL,DT,2024,48.0,48.0,2,386.06050537195307,-38.56050537195307,-0.26681140810717074,3.5,0.20588235294117646
57171,Mike Sainristil,CB,CB,2024,50.0,50.0,2,549.8395155261718,451.1604844738282,1.8604974933432963,15.0,0.8823529411764706
57172,Zach Frazier,OL,C,2024,51.0,51.0,2,710.2113274533992,290.78867254660076,1.3063776185607665,16.0,0.9411764705882353
57173,Adonai Mitchell,WR,WR,2024,52.0,52.0,2,460.76357550508806,-20.763575505088056,-0.10513132050224482,6.0,0.34285714285714286
57174,Ben Sinnott,TE,TE,2024,53.0,53.0,2,469.7208861200397,-144.22088612003972,-0.8315823832517708,2.5,0.14705882352941177
57176,Patrick Paul,OL,T,2024,55.0,55.0,2,700.9387136963119,-44.93871369631188,-0.2018886405224875,10.0,0.5882352941176471
57177,Marshawn Kneeland,DL,DE,2024,56.0,56.0,2,372.07715711017516,-162.57715711017516,-1.1249188722038141,2.0,0.19047619047619047
57179,Javon Bullard,S,SS,2024,58.0,58.0,2,665.8148902547392,89.18510974526077,0.4408090375371989,9.0,0.5294117647058824
57180,Blake Fisher,OL,T,2024,59.0,59.0,2,689.4623462947717,-352.4623462947717,-1.583448614254787,7.5,0.4411764705882353
57181,Cole Bishop,S,SS,2024,60.0,60.0,2,680.8311281013664,-54.3311281013664,-0.2685386871763787,10.5,0.6176470588235294
57183,Roger Rosengarten,OL,T,2024,62.0,62.0,2,651.4681805253443,322.03181947465566,1.4467384776092755,15.5,0.9117647058823529
57184,Kingsley Suamataia,OL,G,2024,63.0,63.0,2,660.4935960088787,-17.49359600887874,-0.07859055201154976,9.5,0.5588235294117647
57185,Renardo Green,CB,CB,2024,64.0,64.0,2,512.7186457280415,231.28135427195855,0.9537590163328751,10.5,0.6176470588235294
57189,Caedan Wallace,OL,G,2024,68.0,68.0,2,645.7868486140073,-577.2868486140073,-2.5934800414137813,1.0,0.08695652173913043
57191,Andru Phillips,CB,CB,2024,70.0,70.0,2,501.2633302840302,170.2366697159698,0.7020226907750066,7.0,0.4117647058823529
57194,Cooper Beebe,OL,C,2024,73.0,73.0,2,600.9662847688072,312.0337152311928,1.4018216674140498,13.5,0.9642857142857143
57195,Bralen Trice,LB,OLB,2024,74.0,74.0,2,,,,0.0,
57198,Delmar Glaze,OL,T,2024,77.0,77.0,2,552.7360653029433,442.2639346970567,1.9868851861561592,15.5,0.9117647058823529
57199,Calen Bullock,S,FS,2024,78.0,78.0,2,585.3037917450553,399.19620825494474,1.9730793273897638,15.0,0.8823529411764706
57201,Jermaine Burton,WR,WR,2024,80.0,80.0,2,376.5182595882507,-311.0182595882507,-1.5747654021731599,0.5,0.034482758620689655
57202,Christian Haynes,OL,G,2024,81.0,81.0,2,572.5861120333975,-473.0861120333975,-2.1253548255505677,0.0,0.0
57203,Tip Reiman,TE,TE,2024,82.0,82.0,2,474.31118817451477,-200.31118817451477,-1.155000913775491,6.0,0.5454545454545454
57205,Roman Wilson,WR,WR,2024,84.0,84.0,2,365.30896156952974,-236.30896156952974,-1.1964930206857225,2.0,0.16666666666666666
57207,Dominick Puni,OL,G,2024,86.0,86.0,2,496.7002995753464,601.7997004246536,2.7036048296047417,17.0,1.0
57210,Tykee Smith,S,SS,2024,89.0,89.0,2,572.0158655472655,179.98413445273445,0.8895950602818165,11.0,0.6470588235294118
57211,Elijah Jones,CB,CB,2024,90.0,90.0,2,504.9314202601705,-486.4314202601705,-2.0059479258981203,0.0,0.0
57213,Jalen McMillan,WR,WR,2024,92.0,92.0,2,321.7604895599958,59.73951044000421,0.30247649867318205,7.0,0.6666666666666666
57215,Jalyx Hunt,LB,OLB,2024,94.0,94.0,2,,,,5.0,0.29411764705882354
57216,DeWayne Carter,DL,DT,2024,95.0,95.0,2,277.3570593823355,-119.85705938233548,-0.8293260287155303,1.5,0.25
57217,Jarrian Jones,CB,CB,2024,96.0,96.0,2,432.5651793972227,175.43482060277728,0.723458847148951,3.5,0.20588235294117646
57218,McKinnley Jackson,DL,DT,2024,97.0,97.0,2,267.15025725547935,-78.15025725547935,-0.5407444736820878,0.5,0.03333333333333333
57220,Kamren Kinchens,S,FS,2024,99.0,99.0,2,530.2346968184962,147.76530318150378,0.7303492843466772,6.0,0.35294117647058826
57221,Luke McCaffrey,WR,WR,2024,100.0,100.0,2,300.11042603615164,-4.610426036151637,-0.02334377222939168,2.0,0.15384615384615385
57222,Ja'Tavion Sanders,TE,TE,2024,101.0,101.0,2,454.8623620329587,7.137637967041314,0.04115585579248351,6.5,0.3939393939393939
57223,Troy Franklin,WR,WR,2024,102.0,102.0,2,273.40219583264593,255.09780416735407,1.291625760831275,6.5,0.38235294117647056
57224,Layden Robinson,OL,G,2024,103.0,103.0,2,446.999866046968,-145.999866046968,-0.6559091715859844,5.5,0.6470588235294118
57225,Dadrion Taylor-Demerson,S,FS,2024,104.0,104.0,2,528.1336268493385,-173.1336268493385,-0.8557355329243956,3.0,0.17647058823529413
57226,Justin Eboigbe,DL,DE,2024,105.0,105.0,2,243.1114305036896,-26.611430503689604,-0.18413226631619523,0.5,0.029411764705882353
57228,Theo Johnson,TE,TE,2024,107.0,107.0,2,401.98043742162446,374.51956257837554,2.1594921429349103,13.0,0.896551724137931
57230,Brandon Dorlus,DL,DT,2024,109.0,109.0,2,239.35106187023206,2.6489381297679415,0.01832877721841856,4.5,0.2647058823529412
57231,Javon Baker,WR,WR,2024,110.0,110.0,2,289.8215534441921,-244.8215534441921,-1.2395944616904584,0.5,0.058823529411764705
57232,Evan Williams,S,FS,2024,111.0,111.0,2,472.6352943874798,215.8647056125202,1.0669394632253875,10.5,0.6176470588235294
57234,Devontez Walker,WR,WR,2024,113.0,113.0,2,281.3860479176589,-171.3860479176589,-0.8677716190464989,1.5,0.08823529411764706
57238,Tanor Bortolini,OL,C,2024,117.0,117.0,2,332.08102759277966,311.91897240722034,1.401306181525912,10.5,0.6176470588235294
57240,Mason McCormick,OL,G,2024,119.0,119.0,2,309.4444805307605,674.0555194692395,3.028216459019215,15.5,0.9117647058823529
57242,A.J. Barner,TE,TE,2024,121.0,121.0,2,387.314490702886,276.185509297114,1.5924947503771092,11.5,0.6764705882352942
57244,Cade Stover,TE,TE,2024,123.0,123.0,2,417.28184824231363,-86.28184824231363,-0.4975039810321963,8.0,0.6153846153846154
57252,Jared Wiley,TE,TE,2024,131.0,131.0,2,421.5529314078092,-360.5529314078092,-2.078960087230087,1.0,0.08333333333333333
57253,Sione Vaki,Other,RB,2024,132.0,132.0,2,,,,0.0,0.0
57254,Jaden Hicks,S,SS,2024,133.0,133.0,2,394.1442855318497,-6.644285531849675,-0.032840247870778994,2.0,0.11764705882352941
57256,Jacob Cowing,WR,WR,2024,135.0,135.0,2,255.28412112710956,-202.28412112710956,-1.0242165067147417,0.0,0.0
57257,Nehemiah Pritchett,CB,CB,2024,136.0,136.0,2,349.43307509907794,-228.43307509907794,-0.9420132707637201,0.5,0.029411764705882353
57261,Cam Hart,CB,CB,2024,140.0,140.0,2,307.5828040870964,241.9171959129036,0.9976191445877963,6.0,0.35294117647058826
57262,Sedrick Van Pran-Granger,OL,C,2024,141.0,141.0,2,262.8429434573651,-154.3429434573651,-0.6933907196236438,1.0,0.058823529411764705
57263,Anthony Gould,WR,WR,2024,142.0,142.0,2,253.6326640790702,-217.1326640790702,-1.0993984968152133,0.5,0.03125
57265,Austin Booker,DL,DE,2024,144.0,144.0,2,169.476694730561,232.023305269439,1.6054370707922965,4.5,0.3333333333333333
57266,Kris Abrams-Draine,CB,CB,2024,145.0,145.0,2,311.5832699268315,-145.08326992683152,-0.5982949954930669,1.5,0.08823529411764706
57267,Jarvis Brownlee,CB,CB,2024,146.0,146.0,2,272.9519003251188,386.0480996748812,1.5919867685059297,9.0,0.6206896551724138
57270,Josh Newton,CB,CB,2024,149.0,149.0,2,291.1309827932902,97.86901720670983,0.4035926626007919,4.0,0.23529411764705882
57272,Jaylon Carlies,LB,MLB,2024,151.0,151.0,2,,,,3.0,0.4
57274,Deantre Prince,CB,CB,2024,153.0,153.0,2,321.5632339892578,-271.0632339892578,-1.1178116983421156,0.0,0.0
57277,Jamari Thrash,WR,WR,2024,156.0,156.0,2,228.57234687201375,-48.57234687201375,-0.24593427877084845,0.5,0.030303030303030304
57278,Chau Smith-Wade,CB,CB,2024,157.0,157.0,2,260.8693929627013,201.63060703729872,0.8314851408400394,5.0,0.3125
57279,Mohamed Kamara,LB,OLB,2024,158.0,158.0,2,,,,0.0,0.0
57282,Dominique Hampton,S,SS,2024,161.0,161.0,2,273.42114028725723,-273.42114028725723,-1.3514196488248866,0.0,0.0
57283,Christian Jones,OL,T,2024,162.0,162.0,2,198.64379349785767,-161.64379349785767,-0.7261900271270663,0.5,0.07142857142857142
57284,Jacob Monk,OL,C,2024,163.0,163.0,2,197.37299905332864,-168.87299905332864,-0.7586674694391596,0.5,0.034482758620689655
57285,Jaylin Simpson,S,FS,2024,164.0,164.0,2,256.34443415638304,-225.34443415638304,-1.1137942580164668,0.0,0.0
57289,Javon Solomon,DL,DE,2024,168.0,168.0,2,149.44601622222308,15.05398377777692,0.10416291411711155,0.5,0.029411764705882353
57291,Bub Means,WR,WR,2024,170.0,170.0,2,217.34861723498076,-144.84861723498076,-0.7334057854874819,0.5,0.125
57293,Trevor Keegan,OL,G,2024,172.0,172.0,2,166.81712524496282,-146.31712524496282,-0.6573344689055577,0.0,0.0
57297,Walter Rouse,OL,T,2024,177.0,177.0,2,150.16977604226662,-106.16977604226662,-0.47697119002116206,0.0,0.0
57298,Logan Lee,DL,DT,2024,178.0,178.0,2,148.22961821560278,-124.72961821560278,-0.8630406875574934,0.0,0.0
57299,Sataoa Laumea,OL,T,2024,179.0,179.0,2,146.01134499680845,31.488655003191553,0.14146381210278616,3.0,0.35294117647058826
57300,Marcellas Dial,CB,CB,2024,180.0,180.0,2,250.4374031498134,-220.4374031498134,-0.9090406853287363,0.5,0.058823529411764705
57302,Jha'Quan Jackson,WR,WR,2024,182.0,182.0,2,200.74820022380356,-177.74820022380356,-0.8999848316994683,0.0,0.0
57304,Malik Washington,WR,WR,2024,184.0,184.0,2,188.03877206522833,300.46122793477167,1.5213124370014206,4.5,0.2647058823529412
57305,Johnny Wilson,WR,WR,2024,185.0,185.0,2,213.95942002259733,-30.459420022597328,-0.1542238738180461,2.0,0.23529411764705882
57309,Mekhi Wingo,DL,DT,2024,189.0,189.0,2,136.16428472057666,-18.66428472057666,-0.1291436416503061,0.0,0.0
57310,Dylan McMahon,OL,C,2024,190.0,190.0,2,139.81073226142402,-106.81073226142402,-0.47985070679137043,0.5,0.0625
57312,D.J. James,CB,CB,2024,192.0,192.0,2,229.14203404405933,-228.14203404405933,-0.9408130744434381,0.0,0.0
57314,Tanner McLachlan,TE,TE,2024,194.0,194.0,2,196.53546265384298,-194.03546265384298,-1.1188148735595793,0.0,0.0
57315,Ryan Watts,S,SS,2024,195.0,195.0,2,140.8251502521967,-140.8251502521967,-0.6960466732732923,0.0,
57317,Zion Logue,DL,DT,2024,197.0,197.0,2,130.43719676010872,-82.93719676010872,-0.5738667073622248,0.0,0.0
57318,Patrick McMorris,S,SS,2024,198.0,198.0,2,130.01337872789685,-126.01337872789685,-0.6228375605806384,0.0,0.0
57330,Christian Mahogany,OL,G,2024,210.0,210.0,2,93.01437898458168,293.9856210154183,1.3207400140790653,6.0,0.5714285714285714
57331,Kamal Hadden,CB,CB,2024,211.0,211.0,2,217.2072689153547,-198.7072689153547,-0.8194298668627209,0.0,0.0
57334,Cedric Johnson,DL,DE,2024,214.0,214.0,2,114.78735480871501,30.21264519128499,0.20905012339367066,0.0,0.0
57335,Jarrett Kingston,OL,T,2024,215.0,215.0,2,124.34889859591289,-107.84889859591289,-0.48451470299122984,0.0,0.0
57336,Ryan Flournoy,WR,WR,2024,216.0,216.0,2,177.57997832080528,139.92002167919472,0.7084510391879195,2.5,0.14705882352941177
57337,Beaux Limmer,OL,C,2024,217.0,217.0,2,87.48443103573116,398.0155689642688,1.7880979564302777,7.0,0.4117647058823529
57339,Daequan Hardy,CB,CB,2024,219.0,219.0,2,196.63125233922304,-196.63125233922304,-0.8108687810208687,0.0,
57342,Javontae Jean-Baptiste,LB,OLB,2024,222.0,222.0,2,,,,0.5,0.0625
57344,Daijahn Anthony,S,FS,2024,224.0,224.0,2,83.46239982005523,-61.962399820055225,-0.30625724301051355,0.0,0.0
57345,Brenden Rice,WR,WR,2024,225.0,225.0,2,179.43314351838643,-177.93314351838643,-0.9009212471435603,0.0,0.0
57347,Myles Harden,CB,CB,2024,227.0,227.0,2,183.48186929564133,106.51813070435867,0.4392599130267339,2.5,0.22727272727272727
57349,M.J. Devonshire,CB,CB,2024,229.0,229.0,2,214.93373309603052,-214.93373309603052,-0.886344627735852,0.0,
57351,Jaheim Bell,TE,TE,2024,231.0,231.0,2,89.3273852611354,-47.827385261135404,-0.27577427992677656,0.0,0.0
57353,Nathan Thomas,OL,T,2024,233.0,233.0,2,113.036047566807,57.463952433193,0.2581586850524016,2.0,0.23529411764705882
57355,Devaughn Vele,WR,WR,2024,235.0,235.0,2,156.8702531561532,285.62974684384676,1.4462168354894884,7.0,0.45161290322580644
57356,Myles Cole,DL,DE,2024,236.0,236.0,2,108.80954444002012,-41.30954444002012,-0.28583281297771185,0.0,0.0
57357,Matt Lee,OL,C,2024,237.0,237.0,2,132.45005938971315,-118.95005938971315,-0.5343870308025577,0.5,0.04
57358,Solomon Byrd,DL,DE,2024,238.0,238.0,2,114.1386401717006,-104.1386401717006,-0.7205656916205012,0.0,0.0
57361,Tahj Washington,WR,WR,2024,241.0,241.0,2,176.39119984479115,-153.89119984479115,-0.7791907058296959,0.5,0.058823529411764705
57362,James Williams,LB,ILB,2024,242.0,242.0,2,,,,1.0,0.058823529411764705
57364,Justin Rogers,DL,DT,2024,244.0,244.0,2,117.37725049702735,-117.37725049702735,-0.8121675061768973,0.0,0.0
57366,Devin Culp,TE,TE,2024,246.0,246.0,2,73.41635127666224,-24.91635127666224,-0.14366850276692353,0.0,0.0
57367,Marcus Harris,DL,DT,2024,247.0,247.0,2,112.71903922985176,-112.71903922985176,-0.7799359807996442,0.0,
57368,C.J. Hanson,OL,G,2024,248.0,248.0,2,151.06562217954632,-135.06562217954632,-0.6067867235236518,0.0,0.0
57372,Jaylen Harrell,LB,OLB,2024,252.0,252.0,2,,,,1.0,0.058823529411764705
57373,Cornelius Johnson,WR,WR,2024,253.0,253.0,2,167.13552340508883,-167.13552340508883,-0.8462501207513642,0.0,
57374,K.T. Leveston,OL,T,2024,254.0,254.0,2,134.7096903760929,191.2903096239071,0.8593779700967675,3.5,0.4117647058823529
57375,Kalen King,CB,CB,2024,255.0,255.0,2,229.53373257783142,-229.53373257783142,-0.9465521666793024,0.0,0.0
57376,Nick Gargiulo,OL,G,2024,256.0,256.0,2,165.67593380178633,-165.67593380178633,-0.7443045492706517,0.0,0.0
57377,Jaylen Key,S,FS,2024,257.0,257.0,2,119.65768627272638,-119.65768627272638,-0.5914237216332124,0.0,
57434,Leonard Taylor,DL,DT,2024,,300.0,2,38.29072171545887,141.70927828454114,0.9805279188184638,0.0,0.0
57598,Isaiah Johnson,CB,CB,2024,,300.0,2,109.12567657898026,-107.62567657898026,-0.4438272153380154,0.0,0.0
57444,Garret Greenfield,OL,T,2024,,300.0,2,24.64776894415771,-24.64776894415771,-0.11073090782428818,0.0,
57654,Andrew Coker,OL,T,2024,,300.0,2,27.299272081088123,-27.299272081088123,-0.1226428723561062,0.0,0.0
57741,Dallin Holker,TE,TE,2024,,300.0,2,34.60853852483988,1.8914614751601206,0.010906229213107056,1.0,0.11764705882352941
57428,Brady Latham,OL,G,2024,,300.0,2,33.033329921810086,-33.033329921810086,-0.14840331467681453,0.0,
57743,Trajan Jeffcoat,DL,DE,2024,,300.0,2,52.58594220201687,-52.58594220201687,-0.3638575052433701,0.0,
57473,Fabien Lovett,DL,DT,2024,,300.0,2,50.50846830894581,-50.50846830894581,-0.34948285612066077,0.0,
57678,Josh Proctor,S,DB,2024,,300.0,2,46.11440261031268,-46.11440261031268,-0.22792644971023338,0.0,
57599,Matthew Jones,OL,G,2024,,300.0,2,33.09781467757308,-33.09781467757308,-0.14869301455036663,0.0,
57389,Ryan Cooper,CB,CB,2024,,300.0,2,121.03941431987006,-121.03941431987006,-0.49914284315146484,0.0,0.0
57738,Millard Bradford,S,FS,2024,,300.0,2,52.09478495598649,-52.09478495598649,-0.2574852694889018,0.0,0.0
57581,Keaton Bills,OL,G,2024,,300.0,2,28.00150240450443,-28.00150240450443,-0.12579766504301437,0.0,
57628,Javion Cohen,OL,G,2024,,300.0,2,27.631047611691137,-27.631047611691137,-0.12413338477452387,0.0,0.0
57687,Frank Crum,OL,T,2024,,300.0,2,30.420146698207805,6.079853301792195,0.02731393973512242,1.0,0.058823529411764705
57911,Josh Wallace,CB,CB,2024,,300.0,2,100.58193608748383,111.41806391251617,0.4594662780898414,1.5,0.08823529411764706
57409,Gabe Hall,DL,DT,2024,,300.0,2,45.168951144559095,-38.668951144559095,-0.2675617761071018,0.0,0.0
57874,Trey Knox,TE,TE,2024,,300.0,2,33.29144776514382,-33.29144776514382,-0.19195958518378098,0.0,
57721,Demani Richardson,S,FS,2024,,300.0,2,32.210853202842685,182.78914679715731,0.903459199658409,3.0,0.1935483870967742
57637,Myles Murphy,DL,DT,2024,,300.0,2,49.40902773244952,-49.40902773244952,-0.34187550539961714,0.0,
57441,Nelson Ceaser,DL,DE,2024,,300.0,2,51.2551610226705,-51.2551610226705,-0.3546494412691312,0.0,
57408,Anim Dankwah,OL,T,2024,,300.0,2,27.17382419993938,-27.17382419993938,-0.12207929364860917,0.0,
57565,Isaiah Williams,WR,WR,2024,,300.0,2,18.17915768334006,159.32084231665993,0.8066823814701827,1.0,0.06666666666666667
57411,Andre' Sam,S,FS,2024,,300.0,2,61.26859860292202,-59.76859860292202,-0.29541409435223864,0.0,0.0
57649,Brevyn Spann-Ford,TE,TE,2024,,300.0,2,-16.345487607792073,317.84548760779205,1.8327075585342834,2.5,0.14705882352941177
57406,Gottlieb Ayedze,OL,T,2024,,300.0,2,26.31691225345902,-26.31691225345902,-0.1182295887128714,0.0,
57824,Marcus Rosemy-Jacksaint,WR,WR,2024,,300.0,2,39.19319966040891,-39.19319966040891,-0.19844524532863914,0.0,
57577,Keith Randolph,DL,DT,2024,,300.0,2,50.92904168199651,-50.92904168199651,-0.35239292622460855,0.0,
57863,Drake Nugent,OL,C,2024,,300.0,2,30.602722842791323,-30.602722842791323,-0.1374837329072165,0.0,0.0
57606,Jalen Coker,WR,WR,2024,,300.0,2,-7.397984905655736,441.89798490565573,2.237443096880323,3.5,0.28
57877,Dwight McGlothern,CB,CB,2024,,300.0,2,109.88058941504252,-84.88058941504252,-0.3500309297352682,0.0,0.0
57478,Christian Roland-Wallace,CB,CB,2024,,300.0,2,97.02414310628957,94.97585689371043,0.3916618359982508,2.0,0.13793103448275862
57436,Eric Watts,DL,DE,2024,,300.0,2,38.068245079802864,128.93175492019714,0.8921164997232522,0.5,0.045454545454545456
57796,Karsen Barnhart,OL,T,2024,,300.0,2,25.214744955589715,-25.214744955589715,-0.11327806609255574,0.0,
57660,Lideatrick Griffin,WR,WR,2024,,300.0,2,31.158120108979155,-31.158120108979155,-0.1577615719711582,0.0,
57854,Charles Turner,OL,C,2024,,300.0,2,31.888690586282323,-31.888690586282323,-0.14326098503872278,0.0,
58206,Will Campbell,OL,T,2025,4.0,4.0,1,898.7111122122757,-116.71111221227568,-0.5243284874070085,13.0,1.0
58209,Armand Membou,OL,T,2025,7.0,7.0,1,883.3268224387599,160.6731775612401,0.7218295032981596,17.0,1.0
58211,Kelvin Banks,OL,T,2025,9.0,9.0,1,886.6866159229263,179.3133840770737,0.8055712404998835,17.0,1.0
58214,Tyler Booker,OL,G,2025,12.0,12.0,1,887.6446316788146,114.35536832118544,0.5137452309567823,14.0,0.8235294117647058
58220,Grey Zabel,OL,G,2025,18.0,18.0,1,868.000285511621,181.99971448837903,0.8176396677004858,17.0,1.0
58226,Donovan Jackson,OL,G,2025,24.0,24.0,1,859.1541969976935,-64.15419699769348,-0.2882148274915834,14.0,0.8235294117647058
58229,Malaki Starks,S,FS,2025,27.0,27.0,1,669.3492562640026,395.65074373599737,1.955555406561685,15.0,0.8823529411764706
58230,Tyleik Williams,DL,DT,2025,28.0,28.0,1,444.5989658385001,1.401034161499922,0.009694164893075676,10.0,0.5882352941176471
58231,Josh Conerly,OL,T,2025,29.0,29.0,1,830.5519535138807,223.44804648611932,1.0038476543263972,17.0,1.0
58232,Maxwell Hairston,CB,CB,2025,30.0,30.0,1,557.051292247144,-209.05129224714403,-0.8620865935534979,3.0,0.2727272727272727
58239,Jayden Higgins,WR,WR,2025,34.0,34.0,1,503.93342942920424,167.06657057079576,0.8459009948255415,10.0,0.5882352941176471
58242,Jonah Savaiinaea,OL,G,2025,37.0,37.0,1,809.1786605020797,172.82133949792035,0.7764055179748923,17.0,1.0
58244,Luther Burden,WR,WR,2025,39.0,39.0,1,499.4588183166606,-97.4588183166606,-0.49345905100536014,5.0,0.29411764705882354
58247,Mason Taylor,TE,TE,2025,42.0,42.0,1,442.6567097232371,209.3432902767629,1.2070803122178861,11.0,0.6875
58248,Alfred Collins,DL,DT,2025,43.0,43.0,1,427.2947532436756,64.70524675632441,0.4477145159911176,1.0,0.058823529411764705
58249,Donovan Ezeiruaku,DL,DE,2025,44.0,44.0,1,409.37666571114835,193.62333428885165,1.3397364470640325,9.0,0.5294117647058824
58251,Terrance Ferguson,TE,TE,2025,46.0,46.0,1,509.46084999778344,-153.46084999778344,-0.8848603195433211,3.0,0.17647058823529413
58253,Aireontae Ersery,OL,T,2025,48.0,48.0,1,749.4744706505123,332.52552934948767,1.4938818123069286,16.0,0.9411764705882353
58256,Nic Scourton,LB,OLB,2025,51.0,51.0,1,,,,8.0,0.47058823529411764
58257,Oluwafemi Oladejo,LB,OLB,2025,52.0,52.0,1,,,,2.0,0.3333333333333333
58259,Anthony Belton,OL,T,2025,54.0,54.0,1,739.5644000222682,-253.56440002226816,-1.1391463572219964,7.0,0.4117647058823529
58261,Ozzy Trapilo,OL,T,2025,56.0,56.0,1,733.6331019218708,-243.63310192187078,-1.0945296758086756,6.0,0.35294117647058826
58262,Tate Ratledge,OL,G,2025,57.0,57.0,1,702.9675045248053,385.03249547519465,1.729771074307529,17.0,1.0
58263,Jack Bech,WR,WR,2025,58.0,58.0,1,451.45574759348716,-107.45574759348716,-0.5440760738578445,5.0,0.29411764705882354
58266,Trey Amos,CB,CB,2025,61.0,61.0,1,471.73233308481565,39.26766691518435,0.16193216910462385,8.0,0.8
58270,Darius Alexander,DL,DT,2025,65.0,65.0,1,374.62638003224583,19.373619967754166,0.13405173956795258,2.0,0.11764705882352941
58271,Ashton Gillotte,DL,DE,2025,66.0,66.0,1,366.110450625868,118.889549374132,0.822631544160504,2.0,0.11764705882352941
58272,Harold Fannin,TE,TE,2025,67.0,67.0,1,455.89980338202906,330.10019661797094,1.9033686146330469,13.0,0.7647058823529411
58273,Darien Porter,CB,CB,2025,68.0,68.0,1,463.3877098419056,143.61229015809442,0.5922289629687737,10.0,0.5882352941176471
58274,Kyle Williams,WR,WR,2025,69.0,69.0,1,414.83006763968547,-79.83006763968547,-0.4042001544814409,0.0,0.0
58275,Isaac TeSlaa,WR,WR,2025,70.0,70.0,1,401.15868998713376,35.841310012866245,0.1814737663683988,3.0,0.17647058823529413
58277,Landon Jackson,DL,DE,2025,72.0,72.0,1,374.96508508825895,-344.96508508825895,-2.386914258835258,0.0,0.0
58278,Azareye'h Thomas,CB,CB,2025,73.0,73.0,1,454.8034425034197,-143.80344250341972,-0.593017237810129,5.0,0.38461538461538464
58279,Pat Bryant,WR,WR,2025,74.0,74.0,1,391.56411835150914,85.43588164849086,0.43258383190208927,7.0,0.4117647058823529
58282,Princely Umanmielen,LB,OLB,2025,77.0,77.0,1,,,,0.0,0.0
58283,Jordan Burch,LB,OLB,2025,78.0,78.0,1,,,,0.0,0.0
58284,Jaylin Noel,WR,WR,2025,79.0,79.0,1,387.64459717193074,-83.64459717193074,-0.4235140981093814,3.0,0.17647058823529413
58286,Dylan Fairchild,OL,G,2025,81.0,81.0,1,557.9456659314469,403.0543340685531,1.8107347734003991,15.0,0.8823529411764706
58290,Nohl Williams,CB,CB,2025,85.0,85.0,1,409.73029662620326,47.269703373796744,0.19493100052988283,5.0,0.29411764705882354
58293,Caleb Ransaw,S,FS,2025,88.0,88.0,1,663.3262781620816,-663.3262781620816,-3.2785766490049912,0.0,
58294,Wyatt Milum,OL,G,2025,89.0,89.0,1,542.5428623899647,-446.54286238996474,-2.0061084087132866,0.0,0.0
58296,Emery Jones,OL,G,2025,91.0,91.0,1,525.4900052178634,-476.4900052178634,-2.1406469269698385,0.0,0.0
58298,Jonas Sanker,S,SS,2025,93.0,93.0,1,562.0594440904061,414.94055590959385,2.0508978192447422,16.0,0.9411764705882353
58300,Jared Wilson,OL,G,2025,95.0,95.0,1,486.8649771110718,297.1350228889282,1.3348888049634395,13.0,0.7647058823529411
58302,Jaylin Smith,CB,CB,2025,97.0,97.0,1,401.9460585486243,-370.9460585486243,-1.5297089081287356,0.0,0.0
58303,Caleb Rogers,OL,G,2025,98.0,98.0,1,491.85963498345757,-207.85963498345757,-0.9338162059977867,6.0,0.35294117647058826
58305,Upton Stout,CB,CB,2025,100.0,100.0,1,344.66642220468697,247.33357779531303,1.019955242854393,4.0,0.23529411764705882
58307,Tai Felton,WR,WR,2025,102.0,102.0,1,320.83717302825295,-274.83717302825295,-1.391571259799825,0.0,0.0
58308,Chimere Dike,WR,WR,2025,103.0,103.0,1,287.54729498389594,342.45270501610406,1.7339260802690954,10.0,0.5882352941176471
58311,Craig Woodson,S,SS,2025,106.0,106.0,1,498.8229546041326,450.1770453958674,2.225058764507909,15.0,0.8823529411764706
58313,Dont'e Thornton,WR,WR,2025,108.0,108.0,1,282.02239217954474,115.97760782045526,0.5872244429129322,8.0,0.47058823529411764
58314,Deone Walker,DL,DT,2025,109.0,109.0,1,262.8271962444231,200.17280375557692,1.3850541407486934,16.0,0.9411764705882353
58315,Arian Smith,WR,WR,2025,110.0,110.0,1,289.00459460050877,84.99540539949123,0.4303535874195887,5.0,0.29411764705882354
58316,Ty Robinson,DL,DT,2025,111.0,111.0,1,275.266959686059,-171.266959686059,-1.1850461563013734,0.0,0.0
58318,C.J. West,DL,DT,2025,113.0,113.0,1,261.6404561937965,17.359543806203476,0.12011575788112316,0.0,0.0
58323,Billy Bowman,CB,CB,2025,118.0,118.0,1,311.93266039500645,-11.932660395006451,-0.04920795485827658,1.0,0.1
58325,Gunnar Helm,TE,TE,2025,120.0,120.0,1,460.4042159545807,71.5957840454193,0.4128236507832413,10.0,0.5882352941176471
58326,David Walker,LB,OLB,2025,121.0,121.0,1,,,,0.0,
58327,Lathan Ransom,S,SS,2025,122.0,122.0,1,478.8719674540633,-142.87196745406328,-0.7061633342646451,6.0,0.35294117647058826
58328,Jack Sawyer,LB,OLB,2025,123.0,123.0,1,,,,1.0,0.058823529411764705
58329,Barryn Sorrell,DL,DE,2025,124.0,124.0,1,252.1846996482191,-74.1846996482191,-0.5133056214440985,1.0,0.058823529411764705
58330,Kyle Kennard,LB,OLB,2025,125.0,125.0,1,,,,0.0,0.0
58332,Jalen Travis,OL,T,2025,127.0,127.0,1,330.5991988475905,-14.599198847590515,-0.06558737813404324,4.0,0.23529411764705882
58333,Jaylin Lane,WR,WR,2025,128.0,128.0,1,252.86040125206443,95.13959874793557,0.48171624612404473,4.0,0.26666666666666666
58336,Quincy Riley,CB,CB,2025,131.0,131.0,1,242.76786137439072,349.2321386256093,1.4401649543080859,5.0,0.29411764705882354
58338,Jalen Royals,WR,WR,2025,133.0,133.0,1,251.22259320638827,-165.22259320638827,-0.8365644633958316,2.0,0.11764705882352941
58340,Tonka Hemingway,DL,DT,2025,135.0,135.0,1,226.57997338481056,-31.579973384810557,-0.21851106684189997,0.0,0.0
58341,Elic Ayomanor,WR,WR,2025,136.0,136.0,1,221.8661568930315,565.1338431069685,2.86141792735962,14.0,0.8235294117647058
58342,Joshua Farmer,DL,DT,2025,137.0,137.0,1,221.47149829640168,2.528501703598323,0.017495442381549858,3.0,0.2
58343,Jordan Watkins,WR,WR,2025,138.0,138.0,1,262.9269268923414,-237.92692689234138,-1.2046851950476163,0.0,0.0
58344,Tyrion Ingram-Dawkins,DL,DE,2025,139.0,139.0,1,225.94767615055855,23.05232384944145,0.15950576702984903,1.0,0.058823529411764705
58345,Cam Jackson,DL,DT,2025,140.0,140.0,1,218.79082998539621,-133.79082998539621,-0.925737860432575,0.0,0.0
58346,Carson Vinson,OL,T,2025,141.0,141.0,1,285.1645791205387,-278.1645791205387,-1.2496634661077177,0.0,0.0
58348,Jordan Phillips,DL,DT,2025,143.0,143.0,1,210.16628089702854,254.83371910297146,1.7632689917105007,16.0,0.9411764705882353
58350,Mac McWilliams,CB,CB,2025,145.0,145.0,1,253.6511728312281,-225.6511728312281,-0.9305412505532247,0.0,0.0
58351,Bradyn Swinson,LB,OLB,2025,146.0,146.0,1,,,,0.0,0.0
58353,Ty Hamilton,DL,NT,2025,148.0,148.0,1,209.8838688460574,-71.8838688460574,-0.4973855005789912,0.0,0.0
58358,Jalen Rivers,OL,G,2025,153.0,153.0,1,225.13901903064718,250.86098096935282,1.1270011587402593,7.0,0.4117647058823529
58359,Marcus Mbow,OL,T,2025,154.0,154.0,1,224.21175064659826,99.78824935340174,0.4483019727316018,3.0,0.17647058823529413
58360,Dante Trader,S,FS,2025,155.0,155.0,1,306.3543664969347,112.64563350306531,0.5567657362208146,3.0,0.17647058823529413
58362,Elijah Roberts,DL,DE,2025,157.0,157.0,1,187.40463089322245,318.5953691067775,2.204454485952648,9.0,0.5294117647058824
58363,KeAndre Lambert-Smith,WR,WR,2025,158.0,158.0,1,251.94761806775668,-128.94761806775668,-0.6528949390128119,2.0,0.11764705882352941
58365,Marques Sigle,S,SS,2025,160.0,160.0,1,275.5301063916541,111.4698936083459,0.5509544884366755,7.0,0.4117647058823529
58368,Mitchell Evans,TE,TE,2025,163.0,163.0,1,322.53635269552694,69.46364730447306,0.4005296800543486,10.0,0.5882352941176471
58369,Yahya Black,DL,DT,2025,164.0,164.0,1,180.16004400671275,235.83995599328725,1.6318455927776925,3.0,0.17647058823529413
58370,Oronde Gadsden,TE,TE,2025,165.0,165.0,1,292.7655698085288,334.2344301914712,1.9272067416925998,7.0,0.4117647058823529
58373,Drew Kendall,OL,C,2025,168.0,168.0,1,195.52766169959568,-106.52766169959568,-0.47857900303755,1.0,0.058823529411764705
58374,Zah Frazier,CB,CB,2025,169.0,169.0,1,186.00046706303843,-186.00046706303843,-0.7670295042241003,0.0,
58375,Jordan Hancock,S,FS,2025,170.0,170.0,1,239.07709741856792,-90.07709741856792,-0.44521780295654584,0.0,0.0
58376,Miles Frazier,OL,G,2025,171.0,171.0,1,198.19299088540643,-152.19299088540643,-0.6837319874028286,0.0,0.0
58378,Jackson Hawes,TE,TE,2025,173.0,173.0,1,267.6820830833821,219.3179169166179,1.264594338212105,8.0,0.47058823529411764
58379,Denzel Burke,CB,CB,2025,174.0,174.0,1,132.7731191339796,546.2268808660203,2.252532696504166,8.0,0.47058823529411764
58380,Robbie Ouzts,Other,FB,2025,175.0,175.0,1,,,,2.0,0.15384615384615385
58381,Tyler Baron,DL,DE,2025,176.0,176.0,1,182.96648864983587,-87.96648864983587,-0.6086658480357306,0.0,0.0
58382,Dorian Strong,CB,CB,2025,177.0,177.0,1,170.3695930902308,-83.36959309023081,-0.3437998767696218,1.0,0.25
58383,Bilhal Kone,CB,CB,2025,178.0,178.0,1,176.50296030951372,-176.50296030951372,-0.7278636461402486,0.0,
58392,Jaylen Reed,S,SS,2025,187.0,187.0,1,184.49397953207475,-111.49397953207475,-0.5510735362562884,1.0,0.14285714285714285
58395,Tim Smith,DL,DT,2025,190.0,190.0,1,167.80020876313336,-167.80020876313336,-1.161058693316114,0.0,0.0
58396,Myles Hinton,OL,T,2025,191.0,191.0,1,158.57234558515609,-158.57234558515609,-0.7123914469602769,0.0,
58401,Ahmed Hassanein,DL,DE,2025,196.0,196.0,1,169.6493546064758,-169.6493546064758,-1.1738534739212607,0.0,
58403,Warren Brinson,DL,DT,2025,198.0,198.0,1,154.68515773386497,118.31484226613503,0.8186549776903611,1.0,0.058823529411764705
58405,Rayuan Lane,S,SS,2025,200.0,200.0,1,146.1851506560965,-29.18515065609651,-0.14425141380482173,0.0,0.0
58407,Gavin Bartholomew,TE,TE,2025,202.0,202.0,1,228.3228955612772,-228.3228955612772,-1.3165173419039853,0.0,
58408,LaJohntay Wester,WR,WR,2025,203.0,203.0,1,232.60855965919188,-174.60855965919188,-0.8840880244092617,0.0,0.0
58413,Jimmy Horn,WR,WR,2025,208.0,208.0,1,206.99919829868557,-58.99919829868557,-0.29872810798865856,0.0,0.0
58414,Antwaun Powell-Ryland,LB,OLB,2025,209.0,209.0,1,,,,0.0,
58415,Aeneas Peebles,DL,DT,2025,210.0,210.0,1,153.8487577405942,-82.84875774059421,-0.5732547719350131,0.0,0.0
58416,Hayden Conner,OL,G,2025,211.0,211.0,1,143.2067556404472,-114.2067556404472,-0.5130775836297715,0.0,0.0
58417,Robert Longerbeam,CB,CB,2025,212.0,212.0,1,148.57036906873807,-148.57036906873807,-0.6126751095230513,0.0,
58419,R.J. Mickens,S,FS,2025,214.0,214.0,1,94.1345119514435,233.8654880485565,1.1559106782994075,6.0,0.35294117647058826
58423,Jack Nelson,OL,T,2025,218.0,218.0,1,141.8870065306824,-137.8870065306824,-0.6194618849644439,0.0,0.0
58424,Thomas Fidone,TE,TE,2025,219.0,219.0,1,172.2066826682015,-158.2066826682015,-0.9122249471555486,0.0,0.0
58430,Kitan Crawford,S,FS,2025,225.0,225.0,1,105.6478216135121,36.35217838648791,0.17967538317437368,1.0,0.0625
58437,Hunter Wohler,S,SS,2025,232.0,232.0,1,128.38077220471143,-128.38077220471143,-0.6345387116244307,0.0,
58440,Tez Johnson,WR,WR,2025,235.0,235.0,1,166.8238073458487,329.1761926541513,1.6667036851698296,8.0,0.47058823529411764
58443,Ricky White,WR,WR,2025,238.0,238.0,1,201.1962653423816,-188.1962653423816,-0.9528860712928315,0.0,0.0
58445,Kaden Prather,WR,WR,2025,240.0,240.0,1,198.5393554156662,-198.5393554156662,-1.0052557952457997,0.0,
58447,Konata Mumpfield,WR,WR,2025,242.0,242.0,1,169.59324252781755,205.40675747218245,1.0400272172701261,0.0,0.0
58449,Dominic Lovett,WR,WR,2025,244.0,244.0,1,197.10589542060583,-183.10589542060583,-0.9271122197907117,0.0,0.0
58452,Tommy Akingbesote,DL,DT,2025,247.0,247.0,1,149.72746923076002,-149.72746923076002,-1.036008125734758,0.0,
58453,Moliki Matavao,TE,TE,2025,248.0,248.0,1,118.73997712566957,-35.73997712566957,-0.20607788618626668,2.0,0.3333333333333333
58454,Connor Colby,OL,G,2025,249.0,249.0,1,146.0623355399562,304.93766446004383,1.3699424273239316,6.0,0.35294117647058826
58455,John Williams,OL,G,2025,250.0,250.0,1,169.46784400492524,-169.46784400492524,-0.7613398298322734,0.0,
58458,Zeek Biggers,DL,DT,2025,253.0,253.0,1,124.27958460851808,89.72041539148192,0.6208017798431955,0.0,0.0
58459,Fadil Diggs,LB,OLB,2025,254.0,254.0,1,,,,0.0,0.0
58460,Luke Lachey,TE,TE,2025,255.0,255.0,1,139.53947855077953,-139.53947855077953,-0.8045892328964331,0.0,
58845,Payton Page,DL,DT,2025,,300.0,1,78.71595138751154,-17.715951387511538,-0.12258184611600509,0.0,0.0
58998,Joshua Simon,TE,TE,2025,,300.0,1,83.71331137858343,-83.71331137858343,-0.4826937128104842,0.0,
58997,Nick Nash,WR,WR,2025,,300.0,1,49.548056387316834,-49.548056387316834,-0.25087454687377136,0.0,
58751,Ja'Corey Brooks,WR,WR,2025,,300.0,1,49.273668446519736,-42.273668446519736,-0.21404245069292813,0.0,0.0
58486,Nazir Stackhouse,DL,DT,2025,,300.0,1,76.37041006000415,82.62958993999585,0.5717382858587716,1.0,0.058823529411764705
58958,Brandon Crenshaw-Dickson,OL,T,2025,,300.0,1,45.941907863668774,-27.941907863668774,-0.12552993461990572,1.0,0.06666666666666667
58514,Elijhah Badger,WR,WR,2025,,300.0,1,42.967183855077295,-42.967183855077295,-0.21755389748938395,0.0,
58931,Jah Joyner,DL,DE,2025,,300.0,1,80.89985485136431,-80.89985485136431,-0.5597697431698616,0.0,
58852,Eli Cox,OL,C,2025,,300.0,1,45.724644263590875,-45.724644263590875,-0.20541945929147346,0.0,
58772,Jabbar Muhammad,CB,CB,2025,,300.0,1,45.14678239614601,-45.14678239614601,-0.18617649012081747,0.0,
58937,Tyler Batty,LB,OLB,2025,,300.0,1,,,,0.0,0.0
58497,Zy Alexander,S,DB,2025,,300.0,1,82.04660635692666,-82.04660635692666,-0.4055260534487613,0.0,
58857,Junior Tafuna,DL,DT,2025,,300.0,1,83.42648570592898,-83.42648570592898,-0.5772522406000887,0.0,
58880,O'Donnell Fortune,S,DB,2025,,300.0,1,68.40390210899325,-68.40390210899325,-0.3380952082537118,0.0,
58940,Logan Brown,OL,T,2025,,300.0,1,48.869192852531505,-48.869192852531505,-0.21954644663624545,0.0,
59278,Isaiah Bond,WR,WR,2025,,300.0,1,20.78772654269385,473.21227345730614,2.395995389823155,2.0,0.11764705882352941
58896,Xavier Truss,OL,T,2025,,300.0,1,47.71531027265784,-47.71531027265784,-0.21436259142072792,0.0,0.0
58992,Cobee Bryant,CB,CB,2025,,300.0,1,24.121749924522753,77.87825007547724,0.3211546534718578,1.0,0.125
58977,Roc Taylor,WR,WR,2025,,300.0,1,49.02394835394007,-49.02394835394007,-0.24822085316763529,0.0,
59026,C.J. Dippre,TE,TE,2025,,300.0,1,87.52394433555189,-67.52394433555189,-0.3893452887980542,0.0,0.0
58987,Torricelli Simpkins,OL,G,2025,,300.0,1,36.96229132678107,142.03770867321893,0.6381090500442768,2.0,0.11764705882352941
58764,Ethan Downs,LB,OLB,2025,,300.0,1,,,,0.0,0.0
58963,Cam Horsley,DL,DT,2025,,300.0,1,78.9936166752155,-64.9936166752155,-0.4497098317519698,0.0,0.0
58973,Sebastian Castro,S,FS,2025,,300.0,1,76.332960250223,-76.332960250223,-0.37728561232223073,0.0,0.0
58825,Elijah Simmons,DL,DT,2025,,300.0,1,82.68903512106962,8.310964878930378,0.057505995336086094,0.0,0.0
58515,Jake Briningstool,TE,TE,2025,,300.0,1,86.70564831335554,-86.70564831335554,-0.4999476262113416,0.0,
58866,Jake Majors,OL,C,2025,,300.0,1,49.8937167079964,-49.8937167079964,-0.2241491535530578,0.0,
58926,Mello Dotson,S,DB,2025,,300.0,1,79.08088304109101,-79.08088304109101,-0.3908675791340553,0.0,
58946,Joe Huber,OL,G,2025,,300.0,1,45.38145048923602,33.61854951076398,0.151032432813561,1.0,0.058823529411764705
58734,Andrew Armstrong,WR,WR,2025,,300.0,1,42.751131132331764,-42.751131132331764,-0.2164599670131624,0.0,
58961,Jermari Harris,S,DB,2025,,300.0,1,92.21926362384976,-92.21926362384976,-0.45580573883387066,0.0,
58737,Jalin Conyers,TE,TE,2025,,300.0,1,81.20123106115183,-81.20123106115183,-0.4682089748956797,0.0,
58721,Kobe Hudson,WR,WR,2025,,300.0,1,48.347674416711726,-48.347674416711726,-0.24479670437280726,0.0,
58490,Alijah Clark,S,FS,2025,,300.0,1,73.20463730170655,-33.204637301706555,-0.16411825082173914,1.0,0.07692307692307693
58994,Joshua Gray,OL,G,2025,,300.0,1,48.42584352757305,-48.42584352757305,-0.21755468529885383,0.0,0.0
58493,Traeshon Holden,WR,WR,2025,,300.0,1,42.253149906002186,-42.253149906002186,-0.21393856004755923,0.0,
58810,Eric Gregory,DL,DT,2025,,300.0,1,70.36609581807502,55.633904181924976,0.3849472451176796,0.0,0.0
58898,Clay Webb,OL,G,2025,,300.0,1,48.420108047722564,-48.420108047722564,-0.21752891846810776,0.0,
59004,Isaiah Neyor,WR,WR,2025,,300.0,1,40.79199916714092,-40.79199916714092,-0.20654037823673996,0.0,
58901,Da'Quan Felton,WR,WR,2025,,300.0,1,45.034316665905976,-45.034316665905976,-0.22802032231119185,0.0,
58717,Jacolby George,WR,WR,2025,,300.0,1,43.25201398997709,-43.25201398997709,-0.21899606568404337,0.0,
58950,Bryson Nesbit,TE,TE,2025,,300.0,1,82.78406585390874,-82.78406585390874,-0.47733565248493715,0.0,
58883,Antwane Wells,WR,WR,2025,,300.0,1,38.6031529015531,-38.6031529015531,-0.19545768690444676,0.0,
59000,Malik Verdon,LB,ILB,2025,,300.0,1,,,,0.0,
58476,Hollin Pierce,OL,T,2025,,300.0,1,51.41907647195379,-51.41907647195379,-0.23100188216327464,0.0,
58968,Xavier Restrepo,WR,WR,2025,,300.0,1,34.52880112875743,-4.528801128757429,-0.02293048433983125,0.0,0.0
58494,Josh Kelly,WR,WR,2025,,300.0,1,37.41877992925744,-37.41877992925744,-0.18946090207737787,0.0,
